INSERT INTO tb_user (first_name, last_name, email, password) VALUES ('Alex', 'Brown', 'alex@gmail.com', '$2a$10$eACCYoNOHEqXve8aIWT8Nu3PkMXWBaOxJ9aORUYzfMQCbVBIhZ8tG');
INSERT INTO tb_user (first_name, last_name, email, password) VALUES ('Maria', 'Green', 'maria@gmail.com', '$2a$10$eACCYoNOHEqXve8aIWT8Nu3PkMXWBaOxJ9aORUYzfMQCbVBIhZ8tG');

INSERT INTO tb_role (authority) VALUES ('ROLE_OPERATOR');
INSERT INTO tb_role (authority) VALUES ('ROLE_ADMIN');

INSERT INTO tb_user_role (user_id, role_id) VALUES (1, 1);
INSERT INTO tb_user_role (user_id, role_id) VALUES (2, 1);
INSERT INTO tb_user_role (user_id, role_id) VALUES (2, 2);

INSERT INTO tb_category (name, created_At) VALUES ('Personal', NOW());
INSERT INTO tb_category (name, created_At) VALUES ('Work', NOW());
INSERT INTO tb_category (name, created_At) VALUES ('Home', NOW());

INSERT INTO tb_work (name, date, description) VALUES ('The Lord of the Rings', TIMESTAMP WITH TIME ZONE '2020-07-13T20:50:07.12345Z', 'Lorem ipsum dolor sit amet, consectetur adipiscing elit, sed do eiusmod tempor incididunt ut labore et dolore magna aliqua. Ut enim ad minim veniam, quis nostrud exercitation ullamco laboris nisi ut aliquip ex ea commodo consequat. Duis aute irure dolor in reprehenderit in voluptate velit esse cillum dolore eu fugiat nulla pariatur. Excepteur sint occaecat cupidatat non proident, sunt in culpa qui officia deserunt mollit anim id est laborum.');
INSERT INTO tb_work (name, date, description) VALUES ('Smart TV', TIMESTAMP WITH TIME ZONE '2020-07-14T10:00:00Z', 'Lorem ipsum dolor sit amet, consectetur adipiscing elit, sed do eiusmod tempor incididunt ut labore et dolore magna aliqua. Ut enim ad minim veniam, quis nostrud exercitation ullamco laboris nisi ut aliquip ex ea commodo consequat. Duis aute irure dolor in reprehenderit in voluptate velit esse cillum dolore eu fugiat nulla pariatur. Excepteur sint occaecat cupidatat non proident, sunt in culpa qui officia deserunt mollit anim id est laborum.');
INSERT INTO tb_work (name, date, description) VALUES ('Macbook Pro', TIMESTAMP WITH TIME ZONE '2020-07-14T10:00:00Z', 'Lorem ipsum dolor sit amet, consectetur adipiscing elit, sed do eiusmod tempor incididunt ut labore et dolore magna aliqua. Ut enim ad minim veniam, quis nostrud exercitation ullamco laboris nisi ut aliquip ex ea commodo consequat. Duis aute irure dolor in reprehenderit in voluptate velit esse cillum dolore eu fugiat nulla pariatur. Excepteur sint occaecat cupidatat non proident, sunt in culpa qui officia deserunt mollit anim id est laborum.');
INSERT INTO tb_work (name, date, description) VALUES ('PC Gamer', TIMESTAMP WITH TIME ZONE '2020-07-14T10:00:00Z', 'Lorem ipsum dolor sit amet, consectetur adipiscing elit, sed do eiusmod tempor incididunt ut labore et dolore magna aliqua. Ut enim ad minim veniam, quis nostrud exercitation ullamco laboris nisi ut aliquip ex ea commodo consequat. Duis aute irure dolor in reprehenderit in voluptate velit esse cillum dolore eu fugiat nulla pariatur. Excepteur sint occaecat cupidatat non proident, sunt in culpa qui officia deserunt mollit anim id est laborum.');
INSERT INTO tb_work (name, date, description) VALUES ('Rails for Dummies', TIMESTAMP WITH TIME ZONE '2020-07-14T10:00:00Z', 'Lorem ipsum dolor sit amet, consectetur adipiscing elit, sed do eiusmod tempor incididunt ut labore et dolore magna aliqua. Ut enim ad minim veniam, quis nostrud exercitation ullamco laboris nisi ut aliquip ex ea commodo consequat. Duis aute irure dolor in reprehenderit in voluptate velit esse cillum dolore eu fugiat nulla pariatur. Excepteur sint occaecat cupidatat non proident, sunt in culpa qui officia deserunt mollit anim id est laborum.');
INSERT INTO tb_work (name, date, description) VALUES ('PC Gamer Ex', TIMESTAMP WITH TIME ZONE '2020-07-14T10:00:00Z', 'Lorem ipsum dolor sit amet, consectetur adipiscing elit, sed do eiusmod tempor incididunt ut labore et dolore magna aliqua. Ut enim ad minim veniam, quis nostrud exercitation ullamco laboris nisi ut aliquip ex ea commodo consequat. Duis aute irure dolor in reprehenderit in voluptate velit esse cillum dolore eu fugiat nulla pariatur. Excepteur sint occaecat cupidatat non proident, sunt in culpa qui officia deserunt mollit anim id est laborum.');
INSERT INTO tb_work (name, date, description) VALUES ('PC Gamer X', TIMESTAMP WITH TIME ZONE '2020-07-14T10:00:00Z', 'Lorem ipsum dolor sit amet, consectetur adipiscing elit, sed do eiusmod tempor incididunt ut labore et dolore magna aliqua. Ut enim ad minim veniam, quis nostrud exercitation ullamco laboris nisi ut aliquip ex ea commodo consequat. Duis aute irure dolor in reprehenderit in voluptate velit esse cillum dolore eu fugiat nulla pariatur. Excepteur sint occaecat cupidatat non proident, sunt in culpa qui officia deserunt mollit anim id est laborum.');
INSERT INTO tb_work (name, date, description) VALUES ('PC Gamer Alfa', TIMESTAMP WITH TIME ZONE '2020-07-14T10:00:00Z', 'Lorem ipsum dolor sit amet, consectetur adipiscing elit, sed do eiusmod tempor incididunt ut labore et dolore magna aliqua. Ut enim ad minim veniam, quis nostrud exercitation ullamco laboris nisi ut aliquip ex ea commodo consequat. Duis aute irure dolor in reprehenderit in voluptate velit esse cillum dolore eu fugiat nulla pariatur. Excepteur sint occaecat cupidatat non proident, sunt in culpa qui officia deserunt mollit anim id est laborum.');
INSERT INTO tb_work (name, date, description) VALUES ('PC Gamer Tera', TIMESTAMP WITH TIME ZONE '2020-07-14T10:00:00Z', 'Lorem ipsum dolor sit amet, consectetur adipiscing elit, sed do eiusmod tempor incididunt ut labore et dolore magna aliqua. Ut enim ad minim veniam, quis nostrud exercitation ullamco laboris nisi ut aliquip ex ea commodo consequat. Duis aute irure dolor in reprehenderit in voluptate velit esse cillum dolore eu fugiat nulla pariatur. Excepteur sint occaecat cupidatat non proident, sunt in culpa qui officia deserunt mollit anim id est laborum.');
INSERT INTO tb_work (name, date, description) VALUES ('PC Gamer Y', TIMESTAMP WITH TIME ZONE '2020-07-14T10:00:00Z', 'Lorem ipsum dolor sit amet, consectetur adipiscing elit, sed do eiusmod tempor incididunt ut labore et dolore magna aliqua. Ut enim ad minim veniam, quis nostrud exercitation ullamco laboris nisi ut aliquip ex ea commodo consequat. Duis aute irure dolor in reprehenderit in voluptate velit esse cillum dolore eu fugiat nulla pariatur. Excepteur sint occaecat cupidatat non proident, sunt in culpa qui officia deserunt mollit anim id est laborum.');
INSERT INTO tb_work (name, date, description) VALUES ('PC Gamer Nitro', TIMESTAMP WITH TIME ZONE '2020-07-14T10:00:00Z', 'Lorem ipsum dolor sit amet, consectetur adipiscing elit, sed do eiusmod tempor incididunt ut labore et dolore magna aliqua. Ut enim ad minim veniam, quis nostrud exercitation ullamco laboris nisi ut aliquip ex ea commodo consequat. Duis aute irure dolor in reprehenderit in voluptate velit esse cillum dolore eu fugiat nulla pariatur. Excepteur sint occaecat cupidatat non proident, sunt in culpa qui officia deserunt mollit anim id est laborum.');
INSERT INTO tb_work (name, date, description) VALUES ('PC Gamer Card', TIMESTAMP WITH TIME ZONE '2020-07-14T10:00:00Z', 'Lorem ipsum dolor sit amet, consectetur adipiscing elit, sed do eiusmod tempor incididunt ut labore et dolore magna aliqua. Ut enim ad minim veniam, quis nostrud exercitation ullamco laboris nisi ut aliquip ex ea commodo consequat. Duis aute irure dolor in reprehenderit in voluptate velit esse cillum dolore eu fugiat nulla pariatur. Excepteur sint occaecat cupidatat non proident, sunt in culpa qui officia deserunt mollit anim id est laborum.');
INSERT INTO tb_work (name, date, description) VALUES ('PC Gamer Plus', TIMESTAMP WITH TIME ZONE '2020-07-14T10:00:00Z', 'Lorem ipsum dolor sit amet, consectetur adipiscing elit, sed do eiusmod tempor incididunt ut labore et dolore magna aliqua. Ut enim ad minim veniam, quis nostrud exercitation ullamco laboris nisi ut aliquip ex ea commodo consequat. Duis aute irure dolor in reprehenderit in voluptate velit esse cillum dolore eu fugiat nulla pariatur. Excepteur sint occaecat cupidatat non proident, sunt in culpa qui officia deserunt mollit anim id est laborum.');
INSERT INTO tb_work (name, date, description) VALUES ('PC Gamer Hera', TIMESTAMP WITH TIME ZONE '2020-07-14T10:00:00Z', 'Lorem ipsum dolor sit amet, consectetur adipiscing elit, sed do eiusmod tempor incididunt ut labore et dolore magna aliqua. Ut enim ad minim veniam, quis nostrud exercitation ullamco laboris nisi ut aliquip ex ea commodo consequat. Duis aute irure dolor in reprehenderit in voluptate velit esse cillum dolore eu fugiat nulla pariatur. Excepteur sint occaecat cupidatat non proident, sunt in culpa qui officia deserunt mollit anim id est laborum.');
INSERT INTO tb_work (name, date, description) VALUES ('PC Gamer Weed', TIMESTAMP WITH TIME ZONE '2020-07-14T10:00:00Z', 'Lorem ipsum dolor sit amet, consectetur adipiscing elit, sed do eiusmod tempor incididunt ut labore et dolore magna aliqua. Ut enim ad minim veniam, quis nostrud exercitation ullamco laboris nisi ut aliquip ex ea commodo consequat. Duis aute irure dolor in reprehenderit in voluptate velit esse cillum dolore eu fugiat nulla pariatur. Excepteur sint occaecat cupidatat non proident, sunt in culpa qui officia deserunt mollit anim id est laborum.');
INSERT INTO tb_work (name, date, description) VALUES ('PC Gamer Max', TIMESTAMP WITH TIME ZONE '2020-07-14T10:00:00Z', 'Lorem ipsum dolor sit amet, consectetur adipiscing elit, sed do eiusmod tempor incididunt ut labore et dolore magna aliqua. Ut enim ad minim veniam, quis nostrud exercitation ullamco laboris nisi ut aliquip ex ea commodo consequat. Duis aute irure dolor in reprehenderit in voluptate velit esse cillum dolore eu fugiat nulla pariatur. Excepteur sint occaecat cupidatat non proident, sunt in culpa qui officia deserunt mollit anim id est laborum.');
INSERT INTO tb_work (name, date, description) VALUES ('PC Gamer Turbo', TIMESTAMP WITH TIME ZONE '2020-07-14T10:00:00Z', 'Lorem ipsum dolor sit amet, consectetur adipiscing elit, sed do eiusmod tempor incididunt ut labore et dolore magna aliqua. Ut enim ad minim veniam, quis nostrud exercitation ullamco laboris nisi ut aliquip ex ea commodo consequat. Duis aute irure dolor in reprehenderit in voluptate velit esse cillum dolore eu fugiat nulla pariatur. Excepteur sint occaecat cupidatat non proident, sunt in culpa qui officia deserunt mollit anim id est laborum.');
INSERT INTO tb_work (name, date, description) VALUES ('PC Gamer Hot', TIMESTAMP WITH TIME ZONE '2020-07-14T10:00:00Z', 'Lorem ipsum dolor sit amet, consectetur adipiscing elit, sed do eiusmod tempor incididunt ut labore et dolore magna aliqua. Ut enim ad minim veniam, quis nostrud exercitation ullamco laboris nisi ut aliquip ex ea commodo consequat. Duis aute irure dolor in reprehenderit in voluptate velit esse cillum dolore eu fugiat nulla pariatur. Excepteur sint occaecat cupidatat non proident, sunt in culpa qui officia deserunt mollit anim id est laborum.');
INSERT INTO tb_work (name, date, description) VALUES ('PC Gamer Ez', TIMESTAMP WITH TIME ZONE '2020-07-14T10:00:00Z', 'Lorem ipsum dolor sit amet, consectetur adipiscing elit, sed do eiusmod tempor incididunt ut labore et dolore magna aliqua. Ut enim ad minim veniam, quis nostrud exercitation ullamco laboris nisi ut aliquip ex ea commodo consequat. Duis aute irure dolor in reprehenderit in voluptate velit esse cillum dolore eu fugiat nulla pariatur. Excepteur sint occaecat cupidatat non proident, sunt in culpa qui officia deserunt mollit anim id est laborum.');
INSERT INTO tb_work (name, date, description) VALUES ('PC Gamer Tr', TIMESTAMP WITH TIME ZONE '2020-07-14T10:00:00Z', 'Lorem ipsum dolor sit amet, consectetur adipiscing elit, sed do eiusmod tempor incididunt ut labore et dolore magna aliqua. Ut enim ad minim veniam, quis nostrud exercitation ullamco laboris nisi ut aliquip ex ea commodo consequat. Duis aute irure dolor in reprehenderit in voluptate velit esse cillum dolore eu fugiat nulla pariatur. Excepteur sint occaecat cupidatat non proident, sunt in culpa qui officia deserunt mollit anim id est laborum.');
INSERT INTO tb_work (name, date, description) VALUES ('PC Gamer Tx', TIMESTAMP WITH TIME ZONE '2020-07-14T10:00:00Z', 'Lorem ipsum dolor sit amet, consectetur adipiscing elit, sed do eiusmod tempor incididunt ut labore et dolore magna aliqua. Ut enim ad minim veniam, quis nostrud exercitation ullamco laboris nisi ut aliquip ex ea commodo consequat. Duis aute irure dolor in reprehenderit in voluptate velit esse cillum dolore eu fugiat nulla pariatur. Excepteur sint occaecat cupidatat non proident, sunt in culpa qui officia deserunt mollit anim id est laborum.');
INSERT INTO tb_work (name, date, description) VALUES ('PC Gamer Er', TIMESTAMP WITH TIME ZONE '2020-07-14T10:00:00Z', 'Lorem ipsum dolor sit amet, consectetur adipiscing elit, sed do eiusmod tempor incididunt ut labore et dolore magna aliqua. Ut enim ad minim veniam, quis nostrud exercitation ullamco laboris nisi ut aliquip ex ea commodo consequat. Duis aute irure dolor in reprehenderit in voluptate velit esse cillum dolore eu fugiat nulla pariatur. Excepteur sint occaecat cupidatat non proident, sunt in culpa qui officia deserunt mollit anim id est laborum.');
INSERT INTO tb_work (name, date, description) VALUES ('PC Gamer Min', TIMESTAMP WITH TIME ZONE '2020-07-14T10:00:00Z', 'Lorem ipsum dolor sit amet, consectetur adipiscing elit, sed do eiusmod tempor incididunt ut labore et dolore magna aliqua. Ut enim ad minim veniam, quis nostrud exercitation ullamco laboris nisi ut aliquip ex ea commodo consequat. Duis aute irure dolor in reprehenderit in voluptate velit esse cillum dolore eu fugiat nulla pariatur. Excepteur sint occaecat cupidatat non proident, sunt in culpa qui officia deserunt mollit anim id est laborum.');
INSERT INTO tb_work (name, date, description) VALUES ('PC Gamer Boo', TIMESTAMP WITH TIME ZONE '2020-07-14T10:00:00Z', 'Lorem ipsum dolor sit amet, consectetur adipiscing elit, sed do eiusmod tempor incididunt ut labore et dolore magna aliqua. Ut enim ad minim veniam, quis nostrud exercitation ullamco laboris nisi ut aliquip ex ea commodo consequat. Duis aute irure dolor in reprehenderit in voluptate velit esse cillum dolore eu fugiat nulla pariatur. Excepteur sint occaecat cupidatat non proident, sunt in culpa qui officia deserunt mollit anim id est laborum.');
INSERT INTO tb_work (name, date, description) VALUES ('PC Gamer Foo', TIMESTAMP WITH TIME ZONE '2020-07-14T10:00:00Z', 'Lorem ipsum dolor sit amet, consectetur adipiscing elit, sed do eiusmod tempor incididunt ut labore et dolore magna aliqua. Ut enim ad minim veniam, quis nostrud exercitation ullamco laboris nisi ut aliquip ex ea commodo consequat. Duis aute irure dolor in reprehenderit in voluptate velit esse cillum dolore eu fugiat nulla pariatur. Excepteur sint occaecat cupidatat non proident, sunt in culpa qui officia deserunt mollit anim id est laborum.');

INSERT INTO tb_work_category (work_id, category_id) VALUES (1, 2);
INSERT INTO tb_work_category (work_id, category_id) VALUES (2, 1);
INSERT INTO tb_work_category (work_id, category_id) VALUES (2, 3);
INSERT INTO tb_work_category (work_id, category_id) VALUES (3, 3);
INSERT INTO tb_work_category (work_id, category_id) VALUES (4, 3);
INSERT INTO tb_work_category (work_id, category_id) VALUES (5, 2);
INSERT INTO tb_work_category (work_id, category_id) VALUES (6, 3);
INSERT INTO tb_work_category (work_id, category_id) VALUES (7, 3);
INSERT INTO tb_work_category (work_id, category_id) VALUES (8, 3);
INSERT INTO tb_work_category (work_id, category_id) VALUES (9, 3);
INSERT INTO tb_work_category (work_id, category_id) VALUES (10, 3);
INSERT INTO tb_work_category (work_id, category_id) VALUES (11, 3);
INSERT INTO tb_work_category (work_id, category_id) VALUES (12, 3);
INSERT INTO tb_work_category (work_id, category_id) VALUES (13, 3);
INSERT INTO tb_work_category (work_id, category_id) VALUES (14, 3);
INSERT INTO tb_work_category (work_id, category_id) VALUES (15, 3);
INSERT INTO tb_work_category (work_id, category_id) VALUES (16, 3);
INSERT INTO tb_work_category (work_id, category_id) VALUES (17, 3);
INSERT INTO tb_work_category (work_id, category_id) VALUES (18, 3);
INSERT INTO tb_work_category (work_id, category_id) VALUES (19, 3);
INSERT INTO tb_work_category (work_id, category_id) VALUES (20, 3);
INSERT INTO tb_work_category (work_id, category_id) VALUES (21, 3);
INSERT INTO tb_work_category (work_id, category_id) VALUES (22, 3);
INSERT INTO tb_work_category (work_id, category_id) VALUES (23, 3);
INSERT INTO tb_work_category (work_id, category_id) VALUES (24, 3);
INSERT INTO tb_work_category (work_id, category_id) VALUES (25, 3); 

INSERT INTO tb_home (name, date, description) VALUES ('The Lord of the Rings', TIMESTAMP WITH TIME ZONE '2020-07-13T20:50:07.12345Z', 'Lorem ipsum dolor sit amet, consectetur adipiscing elit, sed do eiusmod tempor incididunt ut labore et dolore magna aliqua. Ut enim ad minim veniam, quis nostrud exercitation ullamco laboris nisi ut aliquip ex ea commodo consequat. Duis aute irure dolor in reprehenderit in voluptate velit esse cillum dolore eu fugiat nulla pariatur. Excepteur sint occaecat cupidatat non proident, sunt in culpa qui officia deserunt mollit anim id est laborum.');
INSERT INTO tb_home (name, date, description) VALUES ('Smart TV', TIMESTAMP WITH TIME ZONE '2020-07-14T10:00:00Z', 'Lorem ipsum dolor sit amet, consectetur adipiscing elit, sed do eiusmod tempor incididunt ut labore et dolore magna aliqua. Ut enim ad minim veniam, quis nostrud exercitation ullamco laboris nisi ut aliquip ex ea commodo consequat. Duis aute irure dolor in reprehenderit in voluptate velit esse cillum dolore eu fugiat nulla pariatur. Excepteur sint occaecat cupidatat non proident, sunt in culpa qui officia deserunt mollit anim id est laborum.');
INSERT INTO tb_home (name, date, description) VALUES ('Macbook Pro', TIMESTAMP WITH TIME ZONE '2020-07-14T10:00:00Z', 'Lorem ipsum dolor sit amet, consectetur adipiscing elit, sed do eiusmod tempor incididunt ut labore et dolore magna aliqua. Ut enim ad minim veniam, quis nostrud exercitation ullamco laboris nisi ut aliquip ex ea commodo consequat. Duis aute irure dolor in reprehenderit in voluptate velit esse cillum dolore eu fugiat nulla pariatur. Excepteur sint occaecat cupidatat non proident, sunt in culpa qui officia deserunt mollit anim id est laborum.');
INSERT INTO tb_home (name, date, description) VALUES ('PC Gamer', TIMESTAMP WITH TIME ZONE '2020-07-14T10:00:00Z', 'Lorem ipsum dolor sit amet, consectetur adipiscing elit, sed do eiusmod tempor incididunt ut labore et dolore magna aliqua. Ut enim ad minim veniam, quis nostrud exercitation ullamco laboris nisi ut aliquip ex ea commodo consequat. Duis aute irure dolor in reprehenderit in voluptate velit esse cillum dolore eu fugiat nulla pariatur. Excepteur sint occaecat cupidatat non proident, sunt in culpa qui officia deserunt mollit anim id est laborum.');
INSERT INTO tb_home (name, date, description) VALUES ('Rails for Dummies', TIMESTAMP WITH TIME ZONE '2020-07-14T10:00:00Z', 'Lorem ipsum dolor sit amet, consectetur adipiscing elit, sed do eiusmod tempor incididunt ut labore et dolore magna aliqua. Ut enim ad minim veniam, quis nostrud exercitation ullamco laboris nisi ut aliquip ex ea commodo consequat. Duis aute irure dolor in reprehenderit in voluptate velit esse cillum dolore eu fugiat nulla pariatur. Excepteur sint occaecat cupidatat non proident, sunt in culpa qui officia deserunt mollit anim id est laborum.');
INSERT INTO tb_home (name, date, description) VALUES ('PC Gamer Ex', TIMESTAMP WITH TIME ZONE '2020-07-14T10:00:00Z', 'Lorem ipsum dolor sit amet, consectetur adipiscing elit, sed do eiusmod tempor incididunt ut labore et dolore magna aliqua. Ut enim ad minim veniam, quis nostrud exercitation ullamco laboris nisi ut aliquip ex ea commodo consequat. Duis aute irure dolor in reprehenderit in voluptate velit esse cillum dolore eu fugiat nulla pariatur. Excepteur sint occaecat cupidatat non proident, sunt in culpa qui officia deserunt mollit anim id est laborum.');
INSERT INTO tb_home (name, date, description) VALUES ('PC Gamer X', TIMESTAMP WITH TIME ZONE '2020-07-14T10:00:00Z', 'Lorem ipsum dolor sit amet, consectetur adipiscing elit, sed do eiusmod tempor incididunt ut labore et dolore magna aliqua. Ut enim ad minim veniam, quis nostrud exercitation ullamco laboris nisi ut aliquip ex ea commodo consequat. Duis aute irure dolor in reprehenderit in voluptate velit esse cillum dolore eu fugiat nulla pariatur. Excepteur sint occaecat cupidatat non proident, sunt in culpa qui officia deserunt mollit anim id est laborum.');
INSERT INTO tb_home (name, date, description) VALUES ('PC Gamer Alfa', TIMESTAMP WITH TIME ZONE '2020-07-14T10:00:00Z', 'Lorem ipsum dolor sit amet, consectetur adipiscing elit, sed do eiusmod tempor incididunt ut labore et dolore magna aliqua. Ut enim ad minim veniam, quis nostrud exercitation ullamco laboris nisi ut aliquip ex ea commodo consequat. Duis aute irure dolor in reprehenderit in voluptate velit esse cillum dolore eu fugiat nulla pariatur. Excepteur sint occaecat cupidatat non proident, sunt in culpa qui officia deserunt mollit anim id est laborum.');
INSERT INTO tb_home (name, date, description) VALUES ('PC Gamer Tera', TIMESTAMP WITH TIME ZONE '2020-07-14T10:00:00Z', 'Lorem ipsum dolor sit amet, consectetur adipiscing elit, sed do eiusmod tempor incididunt ut labore et dolore magna aliqua. Ut enim ad minim veniam, quis nostrud exercitation ullamco laboris nisi ut aliquip ex ea commodo consequat. Duis aute irure dolor in reprehenderit in voluptate velit esse cillum dolore eu fugiat nulla pariatur. Excepteur sint occaecat cupidatat non proident, sunt in culpa qui officia deserunt mollit anim id est laborum.');
INSERT INTO tb_home (name, date, description) VALUES ('PC Gamer Y', TIMESTAMP WITH TIME ZONE '2020-07-14T10:00:00Z', 'Lorem ipsum dolor sit amet, consectetur adipiscing elit, sed do eiusmod tempor incididunt ut labore et dolore magna aliqua. Ut enim ad minim veniam, quis nostrud exercitation ullamco laboris nisi ut aliquip ex ea commodo consequat. Duis aute irure dolor in reprehenderit in voluptate velit esse cillum dolore eu fugiat nulla pariatur. Excepteur sint occaecat cupidatat non proident, sunt in culpa qui officia deserunt mollit anim id est laborum.');
INSERT INTO tb_home (name, date, description) VALUES ('PC Gamer Nitro', TIMESTAMP WITH TIME ZONE '2020-07-14T10:00:00Z', 'Lorem ipsum dolor sit amet, consectetur adipiscing elit, sed do eiusmod tempor incididunt ut labore et dolore magna aliqua. Ut enim ad minim veniam, quis nostrud exercitation ullamco laboris nisi ut aliquip ex ea commodo consequat. Duis aute irure dolor in reprehenderit in voluptate velit esse cillum dolore eu fugiat nulla pariatur. Excepteur sint occaecat cupidatat non proident, sunt in culpa qui officia deserunt mollit anim id est laborum.');
INSERT INTO tb_home (name, date, description) VALUES ('PC Gamer Card', TIMESTAMP WITH TIME ZONE '2020-07-14T10:00:00Z', 'Lorem ipsum dolor sit amet, consectetur adipiscing elit, sed do eiusmod tempor incididunt ut labore et dolore magna aliqua. Ut enim ad minim veniam, quis nostrud exercitation ullamco laboris nisi ut aliquip ex ea commodo consequat. Duis aute irure dolor in reprehenderit in voluptate velit esse cillum dolore eu fugiat nulla pariatur. Excepteur sint occaecat cupidatat non proident, sunt in culpa qui officia deserunt mollit anim id est laborum.');
INSERT INTO tb_home (name, date, description) VALUES ('PC Gamer Plus', TIMESTAMP WITH TIME ZONE '2020-07-14T10:00:00Z', 'Lorem ipsum dolor sit amet, consectetur adipiscing elit, sed do eiusmod tempor incididunt ut labore et dolore magna aliqua. Ut enim ad minim veniam, quis nostrud exercitation ullamco laboris nisi ut aliquip ex ea commodo consequat. Duis aute irure dolor in reprehenderit in voluptate velit esse cillum dolore eu fugiat nulla pariatur. Excepteur sint occaecat cupidatat non proident, sunt in culpa qui officia deserunt mollit anim id est laborum.');
INSERT INTO tb_home (name, date, description) VALUES ('PC Gamer Hera', TIMESTAMP WITH TIME ZONE '2020-07-14T10:00:00Z', 'Lorem ipsum dolor sit amet, consectetur adipiscing elit, sed do eiusmod tempor incididunt ut labore et dolore magna aliqua. Ut enim ad minim veniam, quis nostrud exercitation ullamco laboris nisi ut aliquip ex ea commodo consequat. Duis aute irure dolor in reprehenderit in voluptate velit esse cillum dolore eu fugiat nulla pariatur. Excepteur sint occaecat cupidatat non proident, sunt in culpa qui officia deserunt mollit anim id est laborum.');
INSERT INTO tb_home (name, date, description) VALUES ('PC Gamer Weed', TIMESTAMP WITH TIME ZONE '2020-07-14T10:00:00Z', 'Lorem ipsum dolor sit amet, consectetur adipiscing elit, sed do eiusmod tempor incididunt ut labore et dolore magna aliqua. Ut enim ad minim veniam, quis nostrud exercitation ullamco laboris nisi ut aliquip ex ea commodo consequat. Duis aute irure dolor in reprehenderit in voluptate velit esse cillum dolore eu fugiat nulla pariatur. Excepteur sint occaecat cupidatat non proident, sunt in culpa qui officia deserunt mollit anim id est laborum.');
INSERT INTO tb_home (name, date, description) VALUES ('PC Gamer Max', TIMESTAMP WITH TIME ZONE '2020-07-14T10:00:00Z', 'Lorem ipsum dolor sit amet, consectetur adipiscing elit, sed do eiusmod tempor incididunt ut labore et dolore magna aliqua. Ut enim ad minim veniam, quis nostrud exercitation ullamco laboris nisi ut aliquip ex ea commodo consequat. Duis aute irure dolor in reprehenderit in voluptate velit esse cillum dolore eu fugiat nulla pariatur. Excepteur sint occaecat cupidatat non proident, sunt in culpa qui officia deserunt mollit anim id est laborum.');
INSERT INTO tb_home (name, date, description) VALUES ('PC Gamer Turbo', TIMESTAMP WITH TIME ZONE '2020-07-14T10:00:00Z', 'Lorem ipsum dolor sit amet, consectetur adipiscing elit, sed do eiusmod tempor incididunt ut labore et dolore magna aliqua. Ut enim ad minim veniam, quis nostrud exercitation ullamco laboris nisi ut aliquip ex ea commodo consequat. Duis aute irure dolor in reprehenderit in voluptate velit esse cillum dolore eu fugiat nulla pariatur. Excepteur sint occaecat cupidatat non proident, sunt in culpa qui officia deserunt mollit anim id est laborum.');
INSERT INTO tb_home (name, date, description) VALUES ('PC Gamer Hot', TIMESTAMP WITH TIME ZONE '2020-07-14T10:00:00Z', 'Lorem ipsum dolor sit amet, consectetur adipiscing elit, sed do eiusmod tempor incididunt ut labore et dolore magna aliqua. Ut enim ad minim veniam, quis nostrud exercitation ullamco laboris nisi ut aliquip ex ea commodo consequat. Duis aute irure dolor in reprehenderit in voluptate velit esse cillum dolore eu fugiat nulla pariatur. Excepteur sint occaecat cupidatat non proident, sunt in culpa qui officia deserunt mollit anim id est laborum.');
INSERT INTO tb_home (name, date, description) VALUES ('PC Gamer Ez', TIMESTAMP WITH TIME ZONE '2020-07-14T10:00:00Z', 'Lorem ipsum dolor sit amet, consectetur adipiscing elit, sed do eiusmod tempor incididunt ut labore et dolore magna aliqua. Ut enim ad minim veniam, quis nostrud exercitation ullamco laboris nisi ut aliquip ex ea commodo consequat. Duis aute irure dolor in reprehenderit in voluptate velit esse cillum dolore eu fugiat nulla pariatur. Excepteur sint occaecat cupidatat non proident, sunt in culpa qui officia deserunt mollit anim id est laborum.');
INSERT INTO tb_home (name, date, description) VALUES ('PC Gamer Tr', TIMESTAMP WITH TIME ZONE '2020-07-14T10:00:00Z', 'Lorem ipsum dolor sit amet, consectetur adipiscing elit, sed do eiusmod tempor incididunt ut labore et dolore magna aliqua. Ut enim ad minim veniam, quis nostrud exercitation ullamco laboris nisi ut aliquip ex ea commodo consequat. Duis aute irure dolor in reprehenderit in voluptate velit esse cillum dolore eu fugiat nulla pariatur. Excepteur sint occaecat cupidatat non proident, sunt in culpa qui officia deserunt mollit anim id est laborum.');
INSERT INTO tb_home (name, date, description) VALUES ('PC Gamer Tx', TIMESTAMP WITH TIME ZONE '2020-07-14T10:00:00Z', 'Lorem ipsum dolor sit amet, consectetur adipiscing elit, sed do eiusmod tempor incididunt ut labore et dolore magna aliqua. Ut enim ad minim veniam, quis nostrud exercitation ullamco laboris nisi ut aliquip ex ea commodo consequat. Duis aute irure dolor in reprehenderit in voluptate velit esse cillum dolore eu fugiat nulla pariatur. Excepteur sint occaecat cupidatat non proident, sunt in culpa qui officia deserunt mollit anim id est laborum.');
INSERT INTO tb_home (name, date, description) VALUES ('PC Gamer Er', TIMESTAMP WITH TIME ZONE '2020-07-14T10:00:00Z', 'Lorem ipsum dolor sit amet, consectetur adipiscing elit, sed do eiusmod tempor incididunt ut labore et dolore magna aliqua. Ut enim ad minim veniam, quis nostrud exercitation ullamco laboris nisi ut aliquip ex ea commodo consequat. Duis aute irure dolor in reprehenderit in voluptate velit esse cillum dolore eu fugiat nulla pariatur. Excepteur sint occaecat cupidatat non proident, sunt in culpa qui officia deserunt mollit anim id est laborum.');
INSERT INTO tb_home (name, date, description) VALUES ('PC Gamer Min', TIMESTAMP WITH TIME ZONE '2020-07-14T10:00:00Z', 'Lorem ipsum dolor sit amet, consectetur adipiscing elit, sed do eiusmod tempor incididunt ut labore et dolore magna aliqua. Ut enim ad minim veniam, quis nostrud exercitation ullamco laboris nisi ut aliquip ex ea commodo consequat. Duis aute irure dolor in reprehenderit in voluptate velit esse cillum dolore eu fugiat nulla pariatur. Excepteur sint occaecat cupidatat non proident, sunt in culpa qui officia deserunt mollit anim id est laborum.');
INSERT INTO tb_home (name, date, description) VALUES ('PC Gamer Boo', TIMESTAMP WITH TIME ZONE '2020-07-14T10:00:00Z', 'Lorem ipsum dolor sit amet, consectetur adipiscing elit, sed do eiusmod tempor incididunt ut labore et dolore magna aliqua. Ut enim ad minim veniam, quis nostrud exercitation ullamco laboris nisi ut aliquip ex ea commodo consequat. Duis aute irure dolor in reprehenderit in voluptate velit esse cillum dolore eu fugiat nulla pariatur. Excepteur sint occaecat cupidatat non proident, sunt in culpa qui officia deserunt mollit anim id est laborum.');
INSERT INTO tb_home (name, date, description) VALUES ('PC Gamer Foo', TIMESTAMP WITH TIME ZONE '2020-07-14T10:00:00Z', 'Lorem ipsum dolor sit amet, consectetur adipiscing elit, sed do eiusmod tempor incididunt ut labore et dolore magna aliqua. Ut enim ad minim veniam, quis nostrud exercitation ullamco laboris nisi ut aliquip ex ea commodo consequat. Duis aute irure dolor in reprehenderit in voluptate velit esse cillum dolore eu fugiat nulla pariatur. Excepteur sint occaecat cupidatat non proident, sunt in culpa qui officia deserunt mollit anim id est laborum.');

INSERT INTO tb_home_category (home_id, category_id) VALUES (1, 2);
INSERT INTO tb_home_category (home_id, category_id) VALUES (2, 1);
INSERT INTO tb_home_category (home_id, category_id) VALUES (2, 3);
INSERT INTO tb_home_category (home_id, category_id) VALUES (3, 3);
INSERT INTO tb_home_category (home_id, category_id) VALUES (4, 3);
INSERT INTO tb_home_category (home_id, category_id) VALUES (5, 2);
INSERT INTO tb_home_category (home_id, category_id) VALUES (6, 3);
INSERT INTO tb_home_category (home_id, category_id) VALUES (7, 3);
INSERT INTO tb_home_category (home_id, category_id) VALUES (8, 3);
INSERT INTO tb_home_category (home_id, category_id) VALUES (9, 3);
INSERT INTO tb_home_category (home_id, category_id) VALUES (10, 3);
INSERT INTO tb_home_category (home_id, category_id) VALUES (11, 3);
INSERT INTO tb_home_category (home_id, category_id) VALUES (12, 3);
INSERT INTO tb_home_category (home_id, category_id) VALUES (13, 3);
INSERT INTO tb_home_category (home_id, category_id) VALUES (14, 3);
INSERT INTO tb_home_category (home_id, category_id) VALUES (15, 3);
INSERT INTO tb_home_category (home_id, category_id) VALUES (16, 3);
INSERT INTO tb_home_category (home_id, category_id) VALUES (17, 3);
INSERT INTO tb_home_category (home_id, category_id) VALUES (18, 3);
INSERT INTO tb_home_category (home_id, category_id) VALUES (19, 3);
INSERT INTO tb_home_category (home_id, category_id) VALUES (20, 3);
INSERT INTO tb_home_category (home_id, category_id) VALUES (21, 3);
INSERT INTO tb_home_category (home_id, category_id) VALUES (22, 3);
INSERT INTO tb_home_category (home_id, category_id) VALUES (23, 3);
INSERT INTO tb_home_category (home_id, category_id) VALUES (24, 3);
INSERT INTO tb_home_category (home_id, category_id) VALUES (25, 3); 

INSERT INTO tb_personal (name, date, description) VALUES ('The Lord of the Rings', TIMESTAMP WITH TIME ZONE '2020-07-13T20:50:07.12345Z', 'Lorem ipsum dolor sit amet, consectetur adipiscing elit, sed do eiusmod tempor incididunt ut labore et dolore magna aliqua. Ut enim ad minim veniam, quis nostrud exercitation ullamco laboris nisi ut aliquip ex ea commodo consequat. Duis aute irure dolor in reprehenderit in voluptate velit esse cillum dolore eu fugiat nulla pariatur. Excepteur sint occaecat cupidatat non proident, sunt in culpa qui officia deserunt mollit anim id est laborum.');
INSERT INTO tb_personal (name, date, description) VALUES ('Smart TV', TIMESTAMP WITH TIME ZONE '2020-07-14T10:00:00Z', 'Lorem ipsum dolor sit amet, consectetur adipiscing elit, sed do eiusmod tempor incididunt ut labore et dolore magna aliqua. Ut enim ad minim veniam, quis nostrud exercitation ullamco laboris nisi ut aliquip ex ea commodo consequat. Duis aute irure dolor in reprehenderit in voluptate velit esse cillum dolore eu fugiat nulla pariatur. Excepteur sint occaecat cupidatat non proident, sunt in culpa qui officia deserunt mollit anim id est laborum.');
INSERT INTO tb_personal (name, date, description) VALUES ('Macbook Pro', TIMESTAMP WITH TIME ZONE '2020-07-14T10:00:00Z', 'Lorem ipsum dolor sit amet, consectetur adipiscing elit, sed do eiusmod tempor incididunt ut labore et dolore magna aliqua. Ut enim ad minim veniam, quis nostrud exercitation ullamco laboris nisi ut aliquip ex ea commodo consequat. Duis aute irure dolor in reprehenderit in voluptate velit esse cillum dolore eu fugiat nulla pariatur. Excepteur sint occaecat cupidatat non proident, sunt in culpa qui officia deserunt mollit anim id est laborum.');
INSERT INTO tb_personal (name, date, description) VALUES ('PC Gamer', TIMESTAMP WITH TIME ZONE '2020-07-14T10:00:00Z', 'Lorem ipsum dolor sit amet, consectetur adipiscing elit, sed do eiusmod tempor incididunt ut labore et dolore magna aliqua. Ut enim ad minim veniam, quis nostrud exercitation ullamco laboris nisi ut aliquip ex ea commodo consequat. Duis aute irure dolor in reprehenderit in voluptate velit esse cillum dolore eu fugiat nulla pariatur. Excepteur sint occaecat cupidatat non proident, sunt in culpa qui officia deserunt mollit anim id est laborum.');
INSERT INTO tb_personal (name, date, description) VALUES ('Rails for Dummies', TIMESTAMP WITH TIME ZONE '2020-07-14T10:00:00Z', 'Lorem ipsum dolor sit amet, consectetur adipiscing elit, sed do eiusmod tempor incididunt ut labore et dolore magna aliqua. Ut enim ad minim veniam, quis nostrud exercitation ullamco laboris nisi ut aliquip ex ea commodo consequat. Duis aute irure dolor in reprehenderit in voluptate velit esse cillum dolore eu fugiat nulla pariatur. Excepteur sint occaecat cupidatat non proident, sunt in culpa qui officia deserunt mollit anim id est laborum.');
INSERT INTO tb_personal (name, date, description) VALUES ('PC Gamer Ex', TIMESTAMP WITH TIME ZONE '2020-07-14T10:00:00Z', 'Lorem ipsum dolor sit amet, consectetur adipiscing elit, sed do eiusmod tempor incididunt ut labore et dolore magna aliqua. Ut enim ad minim veniam, quis nostrud exercitation ullamco laboris nisi ut aliquip ex ea commodo consequat. Duis aute irure dolor in reprehenderit in voluptate velit esse cillum dolore eu fugiat nulla pariatur. Excepteur sint occaecat cupidatat non proident, sunt in culpa qui officia deserunt mollit anim id est laborum.');
INSERT INTO tb_personal (name, date, description) VALUES ('PC Gamer X', TIMESTAMP WITH TIME ZONE '2020-07-14T10:00:00Z', 'Lorem ipsum dolor sit amet, consectetur adipiscing elit, sed do eiusmod tempor incididunt ut labore et dolore magna aliqua. Ut enim ad minim veniam, quis nostrud exercitation ullamco laboris nisi ut aliquip ex ea commodo consequat. Duis aute irure dolor in reprehenderit in voluptate velit esse cillum dolore eu fugiat nulla pariatur. Excepteur sint occaecat cupidatat non proident, sunt in culpa qui officia deserunt mollit anim id est laborum.');
INSERT INTO tb_personal (name, date, description) VALUES ('PC Gamer Alfa', TIMESTAMP WITH TIME ZONE '2020-07-14T10:00:00Z', 'Lorem ipsum dolor sit amet, consectetur adipiscing elit, sed do eiusmod tempor incididunt ut labore et dolore magna aliqua. Ut enim ad minim veniam, quis nostrud exercitation ullamco laboris nisi ut aliquip ex ea commodo consequat. Duis aute irure dolor in reprehenderit in voluptate velit esse cillum dolore eu fugiat nulla pariatur. Excepteur sint occaecat cupidatat non proident, sunt in culpa qui officia deserunt mollit anim id est laborum.');
INSERT INTO tb_personal (name, date, description) VALUES ('PC Gamer Tera', TIMESTAMP WITH TIME ZONE '2020-07-14T10:00:00Z', 'Lorem ipsum dolor sit amet, consectetur adipiscing elit, sed do eiusmod tempor incididunt ut labore et dolore magna aliqua. Ut enim ad minim veniam, quis nostrud exercitation ullamco laboris nisi ut aliquip ex ea commodo consequat. Duis aute irure dolor in reprehenderit in voluptate velit esse cillum dolore eu fugiat nulla pariatur. Excepteur sint occaecat cupidatat non proident, sunt in culpa qui officia deserunt mollit anim id est laborum.');
INSERT INTO tb_personal (name, date, description) VALUES ('PC Gamer Y', TIMESTAMP WITH TIME ZONE '2020-07-14T10:00:00Z', 'Lorem ipsum dolor sit amet, consectetur adipiscing elit, sed do eiusmod tempor incididunt ut labore et dolore magna aliqua. Ut enim ad minim veniam, quis nostrud exercitation ullamco laboris nisi ut aliquip ex ea commodo consequat. Duis aute irure dolor in reprehenderit in voluptate velit esse cillum dolore eu fugiat nulla pariatur. Excepteur sint occaecat cupidatat non proident, sunt in culpa qui officia deserunt mollit anim id est laborum.');
INSERT INTO tb_personal (name, date, description) VALUES ('PC Gamer Nitro', TIMESTAMP WITH TIME ZONE '2020-07-14T10:00:00Z', 'Lorem ipsum dolor sit amet, consectetur adipiscing elit, sed do eiusmod tempor incididunt ut labore et dolore magna aliqua. Ut enim ad minim veniam, quis nostrud exercitation ullamco laboris nisi ut aliquip ex ea commodo consequat. Duis aute irure dolor in reprehenderit in voluptate velit esse cillum dolore eu fugiat nulla pariatur. Excepteur sint occaecat cupidatat non proident, sunt in culpa qui officia deserunt mollit anim id est laborum.');
INSERT INTO tb_personal (name, date, description) VALUES ('PC Gamer Card', TIMESTAMP WITH TIME ZONE '2020-07-14T10:00:00Z', 'Lorem ipsum dolor sit amet, consectetur adipiscing elit, sed do eiusmod tempor incididunt ut labore et dolore magna aliqua. Ut enim ad minim veniam, quis nostrud exercitation ullamco laboris nisi ut aliquip ex ea commodo consequat. Duis aute irure dolor in reprehenderit in voluptate velit esse cillum dolore eu fugiat nulla pariatur. Excepteur sint occaecat cupidatat non proident, sunt in culpa qui officia deserunt mollit anim id est laborum.');
INSERT INTO tb_personal (name, date, description) VALUES ('PC Gamer Plus', TIMESTAMP WITH TIME ZONE '2020-07-14T10:00:00Z', 'Lorem ipsum dolor sit amet, consectetur adipiscing elit, sed do eiusmod tempor incididunt ut labore et dolore magna aliqua. Ut enim ad minim veniam, quis nostrud exercitation ullamco laboris nisi ut aliquip ex ea commodo consequat. Duis aute irure dolor in reprehenderit in voluptate velit esse cillum dolore eu fugiat nulla pariatur. Excepteur sint occaecat cupidatat non proident, sunt in culpa qui officia deserunt mollit anim id est laborum.');
INSERT INTO tb_personal (name, date, description) VALUES ('PC Gamer Hera', TIMESTAMP WITH TIME ZONE '2020-07-14T10:00:00Z', 'Lorem ipsum dolor sit amet, consectetur adipiscing elit, sed do eiusmod tempor incididunt ut labore et dolore magna aliqua. Ut enim ad minim veniam, quis nostrud exercitation ullamco laboris nisi ut aliquip ex ea commodo consequat. Duis aute irure dolor in reprehenderit in voluptate velit esse cillum dolore eu fugiat nulla pariatur. Excepteur sint occaecat cupidatat non proident, sunt in culpa qui officia deserunt mollit anim id est laborum.');
INSERT INTO tb_personal (name, date, description) VALUES ('PC Gamer Weed', TIMESTAMP WITH TIME ZONE '2020-07-14T10:00:00Z', 'Lorem ipsum dolor sit amet, consectetur adipiscing elit, sed do eiusmod tempor incididunt ut labore et dolore magna aliqua. Ut enim ad minim veniam, quis nostrud exercitation ullamco laboris nisi ut aliquip ex ea commodo consequat. Duis aute irure dolor in reprehenderit in voluptate velit esse cillum dolore eu fugiat nulla pariatur. Excepteur sint occaecat cupidatat non proident, sunt in culpa qui officia deserunt mollit anim id est laborum.');
INSERT INTO tb_personal (name, date, description) VALUES ('PC Gamer Max', TIMESTAMP WITH TIME ZONE '2020-07-14T10:00:00Z', 'Lorem ipsum dolor sit amet, consectetur adipiscing elit, sed do eiusmod tempor incididunt ut labore et dolore magna aliqua. Ut enim ad minim veniam, quis nostrud exercitation ullamco laboris nisi ut aliquip ex ea commodo consequat. Duis aute irure dolor in reprehenderit in voluptate velit esse cillum dolore eu fugiat nulla pariatur. Excepteur sint occaecat cupidatat non proident, sunt in culpa qui officia deserunt mollit anim id est laborum.');
INSERT INTO tb_personal (name, date, description) VALUES ('PC Gamer Turbo', TIMESTAMP WITH TIME ZONE '2020-07-14T10:00:00Z', 'Lorem ipsum dolor sit amet, consectetur adipiscing elit, sed do eiusmod tempor incididunt ut labore et dolore magna aliqua. Ut enim ad minim veniam, quis nostrud exercitation ullamco laboris nisi ut aliquip ex ea commodo consequat. Duis aute irure dolor in reprehenderit in voluptate velit esse cillum dolore eu fugiat nulla pariatur. Excepteur sint occaecat cupidatat non proident, sunt in culpa qui officia deserunt mollit anim id est laborum.');
INSERT INTO tb_personal (name, date, description) VALUES ('PC Gamer Hot', TIMESTAMP WITH TIME ZONE '2020-07-14T10:00:00Z', 'Lorem ipsum dolor sit amet, consectetur adipiscing elit, sed do eiusmod tempor incididunt ut labore et dolore magna aliqua. Ut enim ad minim veniam, quis nostrud exercitation ullamco laboris nisi ut aliquip ex ea commodo consequat. Duis aute irure dolor in reprehenderit in voluptate velit esse cillum dolore eu fugiat nulla pariatur. Excepteur sint occaecat cupidatat non proident, sunt in culpa qui officia deserunt mollit anim id est laborum.');
INSERT INTO tb_personal (name, date, description) VALUES ('PC Gamer Ez', TIMESTAMP WITH TIME ZONE '2020-07-14T10:00:00Z', 'Lorem ipsum dolor sit amet, consectetur adipiscing elit, sed do eiusmod tempor incididunt ut labore et dolore magna aliqua. Ut enim ad minim veniam, quis nostrud exercitation ullamco laboris nisi ut aliquip ex ea commodo consequat. Duis aute irure dolor in reprehenderit in voluptate velit esse cillum dolore eu fugiat nulla pariatur. Excepteur sint occaecat cupidatat non proident, sunt in culpa qui officia deserunt mollit anim id est laborum.');
INSERT INTO tb_personal (name, date, description) VALUES ('PC Gamer Tr', TIMESTAMP WITH TIME ZONE '2020-07-14T10:00:00Z', 'Lorem ipsum dolor sit amet, consectetur adipiscing elit, sed do eiusmod tempor incididunt ut labore et dolore magna aliqua. Ut enim ad minim veniam, quis nostrud exercitation ullamco laboris nisi ut aliquip ex ea commodo consequat. Duis aute irure dolor in reprehenderit in voluptate velit esse cillum dolore eu fugiat nulla pariatur. Excepteur sint occaecat cupidatat non proident, sunt in culpa qui officia deserunt mollit anim id est laborum.');
INSERT INTO tb_personal (name, date, description) VALUES ('PC Gamer Tx', TIMESTAMP WITH TIME ZONE '2020-07-14T10:00:00Z', 'Lorem ipsum dolor sit amet, consectetur adipiscing elit, sed do eiusmod tempor incididunt ut labore et dolore magna aliqua. Ut enim ad minim veniam, quis nostrud exercitation ullamco laboris nisi ut aliquip ex ea commodo consequat. Duis aute irure dolor in reprehenderit in voluptate velit esse cillum dolore eu fugiat nulla pariatur. Excepteur sint occaecat cupidatat non proident, sunt in culpa qui officia deserunt mollit anim id est laborum.');
INSERT INTO tb_personal (name, date, description) VALUES ('PC Gamer Er', TIMESTAMP WITH TIME ZONE '2020-07-14T10:00:00Z', 'Lorem ipsum dolor sit amet, consectetur adipiscing elit, sed do eiusmod tempor incididunt ut labore et dolore magna aliqua. Ut enim ad minim veniam, quis nostrud exercitation ullamco laboris nisi ut aliquip ex ea commodo consequat. Duis aute irure dolor in reprehenderit in voluptate velit esse cillum dolore eu fugiat nulla pariatur. Excepteur sint occaecat cupidatat non proident, sunt in culpa qui officia deserunt mollit anim id est laborum.');
INSERT INTO tb_personal (name, date, description) VALUES ('PC Gamer Min', TIMESTAMP WITH TIME ZONE '2020-07-14T10:00:00Z', 'Lorem ipsum dolor sit amet, consectetur adipiscing elit, sed do eiusmod tempor incididunt ut labore et dolore magna aliqua. Ut enim ad minim veniam, quis nostrud exercitation ullamco laboris nisi ut aliquip ex ea commodo consequat. Duis aute irure dolor in reprehenderit in voluptate velit esse cillum dolore eu fugiat nulla pariatur. Excepteur sint occaecat cupidatat non proident, sunt in culpa qui officia deserunt mollit anim id est laborum.');
INSERT INTO tb_personal (name, date, description) VALUES ('PC Gamer Boo', TIMESTAMP WITH TIME ZONE '2020-07-14T10:00:00Z', 'Lorem ipsum dolor sit amet, consectetur adipiscing elit, sed do eiusmod tempor incididunt ut labore et dolore magna aliqua. Ut enim ad minim veniam, quis nostrud exercitation ullamco laboris nisi ut aliquip ex ea commodo consequat. Duis aute irure dolor in reprehenderit in voluptate velit esse cillum dolore eu fugiat nulla pariatur. Excepteur sint occaecat cupidatat non proident, sunt in culpa qui officia deserunt mollit anim id est laborum.');
INSERT INTO tb_personal (name, date, description) VALUES ('PC Gamer Foo', TIMESTAMP WITH TIME ZONE '2020-07-14T10:00:00Z', 'Lorem ipsum dolor sit amet, consectetur adipiscing elit, sed do eiusmod tempor incididunt ut labore et dolore magna aliqua. Ut enim ad minim veniam, quis nostrud exercitation ullamco laboris nisi ut aliquip ex ea commodo consequat. Duis aute irure dolor in reprehenderit in voluptate velit esse cillum dolore eu fugiat nulla pariatur. Excepteur sint occaecat cupidatat non proident, sunt in culpa qui officia deserunt mollit anim id est laborum.');

INSERT INTO tb_personal_category (personal_id, category_id) VALUES (1, 2);
INSERT INTO tb_personal_category (personal_id, category_id) VALUES (2, 1);
INSERT INTO tb_personal_category (personal_id, category_id) VALUES (2, 3);
INSERT INTO tb_personal_category (personal_id, category_id) VALUES (3, 3);
INSERT INTO tb_personal_category (personal_id, category_id) VALUES (4, 3);
INSERT INTO tb_personal_category (personal_id, category_id) VALUES (5, 2);
INSERT INTO tb_personal_category (personal_id, category_id) VALUES (6, 3);
INSERT INTO tb_personal_category (personal_id, category_id) VALUES (7, 3);
INSERT INTO tb_personal_category (personal_id, category_id) VALUES (8, 3);
INSERT INTO tb_personal_category (personal_id, category_id) VALUES (9, 3);
INSERT INTO tb_personal_category (personal_id, category_id) VALUES (10, 3);
INSERT INTO tb_personal_category (personal_id, category_id) VALUES (11, 3);
INSERT INTO tb_personal_category (personal_id, category_id) VALUES (12, 3);
INSERT INTO tb_personal_category (personal_id, category_id) VALUES (13, 3);
INSERT INTO tb_personal_category (personal_id, category_id) VALUES (14, 3);
INSERT INTO tb_personal_category (personal_id, category_id) VALUES (15, 3);
INSERT INTO tb_personal_category (personal_id, category_id) VALUES (16, 3);
INSERT INTO tb_personal_category (personal_id, category_id) VALUES (17, 3);
INSERT INTO tb_personal_category (personal_id, category_id) VALUES (18, 3);
INSERT INTO tb_personal_category (personal_id, category_id) VALUES (19, 3);
INSERT INTO tb_personal_category (personal_id, category_id) VALUES (20, 3);
INSERT INTO tb_personal_category (personal_id, category_id) VALUES (21, 3);
INSERT INTO tb_personal_category (personal_id, category_id) VALUES (22, 3);
INSERT INTO tb_personal_category (personal_id, category_id) VALUES (23, 3);
INSERT INTO tb_personal_category (personal_id, category_id) VALUES (24, 3);
INSERT INTO tb_personal_category (personal_id, category_id) VALUES (25, 3); 